reviewer_name,rating,review_title,review_body,product_handle,created_at,photo_url
Kieran Anderson,5,As A Treat!,"As a treat for myself, this necklace feels luxurious. The infinity knot is a sweet reminder—wore it on date night and got compliments. Can't wait to shop again.",girlfriend-gift-alluring-beauty-ribbon-necklace-with-to-my-beautiful-girlfriend-message-card-white-gold-or-18k-gold-shop-226495-2908,2025-11-15,https://cdn.shopify.com/s/files/1/2264/9500/files/heart_pendant_closeup.jpg
Caleb Thomas,5,"Fast Shipping, Great!","Fast shipping, great box. The cubic zirconia rivals real diamonds up close. My girlfriend wears them everywhere now.",rose-petals-shop-226495-1585,2025-11-15,
Gideon Anderson,5,Perfect Gift; She!,Perfect gift; she adores it instantly.,gift-wrap-with-personalized-message-shop-226495-1328,2025-11-15,
Sienna Thomas,5,"Fast Shipping, Great!","Fast shipping, great box. The cubic zirconia rivals real diamonds up close. My girlfriend wears them everywhere now. Can't wait to shop again.",gift-wrap-with-personalized-message-shop-226495-1328,2025-11-15,https://cdn.shopify.com/s/files/1/2264/9500/files/earrings_closeup_sparkle.jpg
Gideon Anderson,5,The Alluring Beauty!,"The alluring beauty ribbon for my girlfriend arrived in under a week, wrapped like a high-end boutique. The 'beautiful girlfriend' card sealed the sentiment; she teared up reading it aloud. White gold option is versatile—pairs with everything in her wardrobe.",mom-birthday-necklace-forever-love-heart-pendant-with-message-card-white-gold-or-18k-gold-shop-226495-8074,2025-11-15,
Ivy Mitchell,5,Bought This For!,Bought this for our anniversary and it was a hit. The interlocking hearts symbolize our ...and the best part? Zero regrets on the upgrade.,rose-petals-shop-226495-1585,2025-11-15,https://cdn.shopify.com/s/files/1/2264/9500/files/heart_pendant_closeup.jpg
Reid Garcia,5,As A Treat!,"As a treat for myself, this necklace feels luxurious. The infinity knot is a sweet reminder—wore it on date night and got compliments.",cubic-zirconia-earrings-shop-226495-5746,2025-11-15,
Declan Mitchell,4,The Alluring Beauty!,"The alluring beauty ribbon for my girlfriend arrived in under a week, wrapped like a high-end boutique. The 'beautiful girlfriend ...and the best part? Zero regrets on the upgrade. Room for a longer chain next time.",red-cubic-zirconia-earrings-shop-226495-9340,2025-11-15,https://cdn.shopify.com/s/files/1/2264/9500/files/anniversary_necklace_wear.jpg
Miles White,5,The Alluring Beauty!,"The alluring beauty ribbon for my girlfriend arrived in under a week, wrapped like a high-end boutique. The 'beautiful girlfriend' card sealed the sentiment; she teared up reading it aloud. White gold option is versatile—pairs with everything in her wardrobe.",dad-gift-cuban-link-chain-with-you-are-my-strength-role-model-best-friend-message-card-stainless-steel-or-14k-gold-shop-226495-9894,2025-11-15,
Kieran Martinez,5,These Earrings Are!,These earrings are a game-changer for daily wear. Subtle shine with ...and the best part? Zero regrets on the upgrade.,gift-wrap-with-personalized-message-shop-226495-1328,2025-11-15,
Silas Martin,5,This Personalized Bestie!,"This personalized bestie necklace was a surprise for my college roommate reunion. Custom name engraved flawlessly, message card heartfelt. We've both been layering it with other pieces—it's become our 'sisterhood' staple. Loox photos don't do the detail justice. Can't wait to shop again.",husband-gift-cuban-link-chain-with-to-my-amazing-husband-message-card-stainless-steel-or-14k-gold-shop-226495-8496,2025-11-15,https://cdn.shopify.com/s/files/1/2264/9500/files/earrings_closeup_sparkle.jpg
Theo Scott,5,Worth Every Penny—Sparkles!,Worth every penny—sparkles just right. Can't wait to shop again.,gift-wrap-with-personalized-message-shop-226495-1328,2025-11-15,
Noah Rodriguez,5,Stunning Piece—Arrived Fast!,Stunning piece—arrived fast and exceeded expectations. Can't wait to shop again.,to-my-daughter-infinity-knot-necklace-keepsake-message-card-from-mom-shop-226495-3665,2025-11-15,https://cdn.shopify.com/s/files/1/2264/9500/files/anniversary_necklace_wear.jpg
Charlotte Lewis,5,This Personalized Bestie!,"This personalized bestie necklace was a surprise for my college roommate reunion. Custom name engraved flawlessly, message card heartfelt. We've both been layering it with other pieces—it's become our 'sisterhood' staple. Loox photos don't do the detail justice. Can't wait to shop again.",girlfriend-gift-alluring-beauty-ribbon-necklace-with-to-my-beautiful-girlfriend-message-card-white-gold-or-18k-gold-shop-226495-2908,2025-11-15,https://cdn.shopify.com/s/files/1/2264/9500/files/earrings_closeup_sparkle.jpg
Luna Thomas,5,These Earrings Are!,These earrings are a game-changer for daily wear. Subtle shine with ...and the best part? Zero regrets on the upgrade.,red-cubic-zirconia-earrings-shop-226495-9340,2025-11-15,https://cdn.shopify.com/s/files/1/2264/9500/files/anniversary_necklace_wear.jpg
Caleb Garcia,5,As A Mom!,"As a mom gifting the infinity knot to my daughter before college, this hit deep. The keepsake card from 'mom' is gold ...and the best part? Zero regrets on the upgrade.",girlfriend-gift-alluring-beauty-ribbon-necklace-with-to-my-beautiful-girlfriend-message-card-white-gold-or-18k-gold-shop-226495-2908,2025-11-15,
Knox Lewis,5,"High Quality, Elegant!","High quality, elegant design. Highly recommend.",girlfriend-gift-alluring-beauty-ribbon-necklace-with-to-my-beautiful-girlfriend-message-card-white-gold-or-18k-gold-shop-226495-2908,2025-11-15,
Lila Mitchell,5,This Personalized Bestie!,"This personalized bestie necklace was a surprise for my college roommate reunion. Custom name engraved flawlessly, message card heartfelt. We've both been layering it with other pieces—it's become our 'sisterhood' staple. Loox photos don't do the detail justice.",personalized-bestie-name-necklace-custom-gift-with-message-card-made-in-usa-shop-226495-8033,2025-11-15,https://cdn.shopify.com/s/files/1/2264/9500/files/anniversary_necklace_wear.jpg
Rory Hill,5,Bought This For!,Bought this for our anniversary and it was a hit. The interlocking hearts symbolize our ...and the best part? It fits like a dream.,red-cubic-zirconia-earrings-shop-226495-9340,2025-11-15,https://cdn.shopify.com/s/files/1/2264/9500/files/chain_on_wrist.jpg
Chloe Allen,5,These Earrings Are!,These earrings are a game-changer for daily wear. Subtle shine without being flashy—comfortable all day. Shipped quicker than promised. Can't wait to shop again.,dad-gift-cuban-link-chain-with-you-are-my-strength-role-model-best-friend-message-card-stainless-steel-or-14k-gold-shop-226495-9894,2025-11-15,
Knox Thompson,5,Perfect Gift; She!,Perfect gift; she adores it instantly.,personalized-bestie-name-necklace-custom-gift-with-message-card-made-in-usa-shop-226495-8033,2025-11-15,https://cdn.shopify.com/s/files/1/2264/9500/files/earrings_closeup_sparkle.jpg
Kieran Rodriguez,5,The Alluring Beauty!,"The alluring beauty ribbon for my girlfriend arrived in under a week, wrapped like a high-end boutique. The 'beautiful girlfriend' card sealed the sentiment; she teared up reading it aloud. White gold option is versatile—pairs with everything in her wardrobe.",red-cubic-zirconia-earrings-shop-226495-9340,2025-11-15,
Finn Collins,5,The Alluring Beauty!,"The alluring beauty ribbon for my girlfriend arrived in under a week, wrapped like a high-end boutique. The 'beautiful girlfriend' card sealed the sentiment; she teared up reading it aloud. White gold option is versatile—pairs with everything in her wardrobe.",best-friend-love-knot-necklace-thank-you-for-standing-by-my-side-message-card-white-gold-or-18k-gold-shop-226495-7951,2025-11-15,
Theo Thompson,5,Stunning Piece—Arrived Fast!,Stunning piece—arrived fast and exceeded expectations.,interlocking-hearts-anniversary-necklace-i-love-you-this-much-gift-box-silverrose-gold-or-18k-gold-shop-226495-2181,2025-11-15,
Grace Lee,5,Perfect Gift; She!,Perfect gift; she  ...and the best part? It fits like a dream.,to-my-beautiful-wife-last-everything-heart-necklace-message-card-from-husband-shop-226495-2728,2025-11-15,https://cdn.shopify.com/s/files/1/2264/9500/files/chain_on_wrist.jpg
Silas Gonzalez,5,This Personalized Bestie!,"This personalized bestie necklace was a surprise for my college roommate reunion. Custom name engraved flawlessly, message card hea ...and the best part? It fits like a dream.",to-my-daughter-infinity-knot-necklace-keepsake-message-card-from-mom-shop-226495-3665,2025-11-15,
Sebastian Evans,5,"Fast Shipping, Great!","Fast shipping, great box. The cubic zirconia rivals real d ...and the best part? Zero regrets on the upgrade.",love-knot-stud-earrings-shop-226495-5414,2025-11-15,
Kieran Wilson,5,"Fast Shipping, Great!","Fast shipping, great box. The cubic zirconia rivals real d ...and the best part? It fits like a dream.",to-my-beautiful-wife-last-everything-heart-necklace-message-card-from-husband-shop-226495-2728,2025-11-15,https://cdn.shopify.com/s/files/1/2264/9500/files/heart_pendant_closeup.jpg
Evelyn Collins,5,As A Mom!,"As a mom gifting the infinity knot to my daughter before college, this hit deep. The keepsake card from 'mom' is gold (literally). She's worn it non-stop, says it grounds her. Quality holds up to her active lifestyle—no snags or fades.",rose-petals-shop-226495-1585,2025-11-15,
Finn Garcia,5,The Alluring Beauty!,"The alluring beauty ribbon for my girlfriend arrived in under a week, wrapped like a high-end boutique. The 'beautiful girlfriend' card sealed the sentiment; she teared up reading it aloud. White gold option is versatile—pairs with everything in her wardrobe. Can't wait to shop again.",love-knot-stud-earrings-shop-226495-5414,2025-11-15,
Cleo Martin,5,For My Sister'S!,"For my sister's birthday, the forever love heart was spot-on. She said it captures our chaotic but unbreakable bond. The 18k yel ...and the best part? It fits like a dream.",rose-petals-shop-226495-1585,2025-11-15,
Ezra King,5,The Alluring Beauty!,"The alluring beauty ribbon for my girlfriend arrived in under a week, wrapped like a high-end boutique. The 'beautiful girlfriend ...and the best part? Zero regrets on the upgrade.",husband-gift-cuban-link-chain-with-to-my-amazing-husband-message-card-stainless-steel-or-14k-gold-shop-226495-8496,2025-11-15,https://cdn.shopify.com/s/files/1/2264/9500/files/anniversary_necklace_wear.jpg
Boden Wilson,5,As A Treat!,"As a treat for myself, this necklace feels luxurious. The infinity knot is a sweet reminder—wore it on date night and got compliments. Can't wait to shop again.",red-cubic-zirconia-earrings-shop-226495-9340,2025-11-15,
Maeve Lee,5,For My Sister'S!,"For my sister's birthday, the forever love heart was spot-on. She said it captures our chaotic but unbreakable bond. The 18k yel ...and the best part? Zero regrets on the upgrade.",red-cubic-zirconia-earrings-shop-226495-9340,2025-11-15,
Sophia Evans,5,As A Treat!,"As a treat for myself, this necklace feels luxurious. The infinity knot is a sweet reminder—wore it on date night and got compliments. Can't wait to shop again.",mom-birthday-necklace-forever-love-heart-pendant-with-message-card-white-gold-or-18k-gold-shop-226495-8074,2025-11-16,
Nora Taylor,5,"Fast Shipping, Great!","Fast shipping, great box. The cubic zirconia rivals real diamonds up close. My girlfriend wears them everywhere now. Can't wait to shop again.",red-cubic-zirconia-earrings-shop-226495-9340,2025-11-16,
Kieran Lewis,5,As A Treat!,"As a treat for myself, this necklace feels luxurious. The infinity knot is a sweet reminder—wore it on date night and got compliments. Can't wait to shop again.",interlocking-hearts-anniversary-necklace-i-love-you-this-much-gift-box-silverrose-gold-or-18k-gold-shop-226495-2181,2025-11-16,https://cdn.shopify.com/s/files/1/2264/9500/files/anniversary_necklace_wear.jpg
Caleb Anderson,5,Perfect Gift; She!,Perfect gift; she loved it instantly.,red-cubic-zirconia-earrings-shop-226495-9340,2025-11-16,
Nora Chen,5,Perfect Gift; She!,Perfect gift; she  ...and the best part? It fits like a dream.,to-my-sister-forever-love-heart-necklace-14k-white-or-18k-yellow-gold-finish-shop-226495-6927,2025-11-16,
Amelia Gonzalez,5,"High Quality, Elegant!","High quality, elegant design. Highly recommend.",to-my-sister-forever-love-heart-necklace-14k-white-or-18k-yellow-gold-finish-shop-226495-6927,2025-11-16,https://cdn.shopify.com/s/files/1/2264/9500/files/heart_pendant_closeup.jpg
Noah Hall,5,"High Quality, Elegant!","High quality, elegant design. Highly recommend. Can't wait to shop again.",girlfriend-gift-alluring-beauty-ribbon-necklace-with-to-my-beautiful-girlfriend-message-card-white-gold-or-18k-gold-shop-226495-2908,2025-11-16,
Fiona Wong,5,As A Mom!,"As a mom gifting the infinity knot to my daughter before college, this hit deep. The keepsake card from 'mom' is gold ...and the best part? Zero regrets on the upgrade.",girlfriend-gift-alluring-beauty-ribbon-necklace-with-to-my-beautiful-girlfriend-message-card-white-gold-or-18k-gold-shop-226495-2908,2025-11-16,https://cdn.shopify.com/s/files/1/2264/9500/files/earrings_closeup_sparkle.jpg
Gideon Chen,5,For My Sister'S!,"For my sister's birthday, the forever love heart was spot-on. She said it captures our chaotic but unbreakable bond. The 18k yel ...and the best part? It fits like a dream.",personalized-bestie-name-necklace-custom-gift-with-message-card-made-in-usa-shop-226495-8033,2025-11-16,https://cdn.shopify.com/s/files/1/2264/9500/files/anniversary_necklace_wear.jpg
Boden Hall,5,"Fast Shipping, Great!","Fast shipping, great box. The cubic zirconia rivals real diamonds up close. My girlfriend wears them everywhere now. Can't wait to shop again.",to-my-daughter-infinity-knot-necklace-keepsake-message-card-from-mom-shop-226495-3665,2025-11-16,
Cleo Scott,5,For My Sister'S!,"For my sister's birthday, the forever love heart was spot-on. She said it captures our chaotic but unbreakable bond. The 18k yellow gold finish elevates it from sweet to sophisticated. Delivery was discreet, and the rose petals add that extra romance touch. Can't wait to shop again.",to-my-sister-forever-love-heart-necklace-14k-white-or-18k-yellow-gold-finish-shop-226495-6927,2025-11-16,
Oliver Anderson,4,"Timely Delivery, Beautiful!","Timely delivery, beautiful craftsmanship. Can't wait to shop again. Room for a longer chain next time.",cubic-zirconia-earrings-shop-226495-5746,2025-11-16,https://cdn.shopify.com/s/files/1/2264/9500/files/earrings_closeup_sparkle.jpg
Kieran Thomas,5,As A Treat!,"As a treat for myself, this necklace feels luxurious. The infinity knot is a sweet reminder—wore it on date night and got compliments.",love-knot-stud-earrings-shop-226495-5414,2025-11-16,https://cdn.shopify.com/s/files/1/2264/9500/files/earrings_closeup_sparkle.jpg
Harper Reyes,5,For My Sister'S!,"For my sister's birthday, the forever love heart was spot-on. She said it captures our chaotic but unbreakable bond. The 18k yellow gold finish elevates it from sweet to sophisticated. Delivery was discreet, and the rose petals add that extra romance touch. Can't wait to shop again.",cubic-zirconia-earrings-shop-226495-5746,2025-11-16,
Sage White,5,I Was Skeptical!,"I was skeptical about online jewelry, but this chain for my husband blew me away. The Cuban link is hefty yet comfortable, and pairing it with the 'amazing husband' card made our 10-year milestone unforgettable. No tarnish after weeks—ordering more for the family. Can't wait to shop again.",to-my-sister-forever-love-heart-necklace-14k-white-or-18k-yellow-gold-finish-shop-226495-6927,2025-11-16,https://cdn.shopify.com/s/files/1/2264/9500/files/chain_on_wrist.jpg
Scarlett Carter,5,For My Sister'S!,"For my sister's birthday, the forever love heart was spot-on. She said it captures our chaotic but unbreakable bond. The 18k yel ...and the best part? Zero regrets on the upgrade.",interlocking-hearts-anniversary-necklace-i-love-you-this-much-gift-box-silverrose-gold-or-18k-gold-shop-226495-2181,2025-11-16,
Liam Evans,5,The Alluring Beauty!,"The alluring beauty ribbon for my girlfriend arrived in under a week, wrapped like a high-end boutique. The 'beautiful girlfriend' card sealed the sentiment; she teared up reading it aloud. White gold option is versatile—pairs with everything in her wardrobe.",cubic-zirconia-earrings-shop-226495-5746,2025-11-16,
Scarlett Gonzalez,5,As A Mom!,"As a mom gifting the infinity knot to my daughter before college, this hit deep. The keepsake card from 'mom' is gold (literally). She's worn it non-stop, says it grounds her. Quality holds up to her active lifestyle—no snags or fades.",red-cubic-zirconia-earrings-shop-226495-9340,2025-11-16,https://cdn.shopify.com/s/files/1/2264/9500/files/anniversary_necklace_wear.jpg
Juniper Robinson,5,As A Treat!,"As a treat for myself, this necklace feels luxurious. The infinity knot is a sweet reminder—wore it on date night and got compliments.",to-my-daughter-infinity-knot-necklace-keepsake-message-card-from-mom-shop-226495-3665,2025-11-16,
Indigo Hale,5,"High Quality, Elegant!","High quality, elegant design. Highly recommend.",to-my-beautiful-wife-last-everything-heart-necklace-message-card-from-husband-shop-226495-2728,2025-11-16,
Zane Roberts,5,Gifted To My!,"Gifted to my dad; the message card brought tears. Durable chain, meaningful design. Feels premium for the price.",personalized-bestie-name-necklace-custom-gift-with-message-card-made-in-usa-shop-226495-8033,2025-11-16,
Dax Edwards,5,"Timely Delivery, Beautiful!","Timely delivery, beautiful craftsmanship. Can't wait to shop again.",husband-gift-cuban-link-chain-with-to-my-amazing-husband-message-card-stainless-steel-or-14k-gold-shop-226495-8496,2025-11-16,
Theo Campbell,5,This Personalized Bestie!,"This personalized bestie necklace was a surprise for my college roommate reunion. Custom name engraved flawlessly, message card heartfelt. We've both been layering it with other pieces—it's become our 'sisterhood' staple. Loox photos don't do the detail justice.",to-my-sister-forever-love-heart-necklace-14k-white-or-18k-yellow-gold-finish-shop-226495-6927,2025-11-16,
Willow Carter,5,These Earrings Are!,These earrings are a game-changer for daily wear. Subtle shine without being flashy—comfortable all day. Shipped quicker than promised.,red-cubic-zirconia-earrings-shop-226495-9340,2025-11-16,https://cdn.shopify.com/s/files/1/2264/9500/files/heart_pendant_closeup.jpg
Felix Hall,5,Worth Every Penny—Sparkles!,Worth every penny—sparkles just right.,cubic-zirconia-earrings-shop-226495-5746,2025-11-16,https://cdn.shopify.com/s/files/1/2264/9500/files/chain_on_wrist.jpg
Sophia Thompson,5,Stunning Piece—Arrived Fast!,Stunning piece—arrived fast and exceeded expectations.,to-my-sister-forever-love-heart-necklace-14k-white-or-18k-yellow-gold-finish-shop-226495-6927,2025-11-16,https://cdn.shopify.com/s/files/1/2264/9500/files/heart_pendant_closeup.jpg
Reid Harris,5,Perfect Gift; She!,Perfect gift; she loved it instantly. Can't wait to shop again.,rose-petals-shop-226495-1585,2025-11-16,https://cdn.shopify.com/s/files/1/2264/9500/files/chain_on_wrist.jpg
Esme Gonzalez,5,"High Quality, Elegant!","High quality, elegant design. Highly recommend. Can't wait to shop again.",husband-gift-cuban-link-chain-with-to-my-amazing-husband-message-card-stainless-steel-or-14k-gold-shop-226495-8496,2025-11-16,https://cdn.shopify.com/s/files/1/2264/9500/files/earrings_closeup_sparkle.jpg
Sage Hale,5,These Earrings Are!,These earrings are a game-changer for daily wear. Subtle shine without being flashy—comfortable all day. Shipped quicker than promised. Can't wait to shop again.,best-friend-love-knot-necklace-thank-you-for-standing-by-my-side-message-card-white-gold-or-18k-gold-shop-226495-7951,2025-11-16,
Silas Walker,5,"Fast Shipping, Great!","Fast shipping, great box. The cubic zirconia rivals real diamonds up close. My girlfriend wears them everywhere now. Can't wait to shop again.",interlocking-hearts-anniversary-necklace-i-love-you-this-much-gift-box-silverrose-gold-or-18k-gold-shop-226495-2181,2025-11-16,
Liora Garcia,5,Bought This For!,Bought this for our anniversary and it was a hit. The interlocking hearts symbolize our ...and the best part? Zero regrets on the upgrade.,dad-gift-cuban-link-chain-with-you-are-my-strength-role-model-best-friend-message-card-stainless-steel-or-14k-gold-shop-226495-9894,2025-11-16,
Sienna Gonzalez,5,I Was Skeptical!,"I was skeptical about online jewelry, but this chain for my husband blew me away. The Cuban link is hefty yet comfortable, and pairi ...and the best part? It fits like a dream.",best-friend-love-knot-necklace-thank-you-for-standing-by-my-side-message-card-white-gold-or-18k-gold-shop-226495-7951,2025-11-17,
Atticus Nguyen,5,Bought This For!,Bought this for our anniversary and it was a hit. The interlocking hearts symbolize our ...and the best part? Zero regrets on the upgrade.,red-cubic-zirconia-earrings-shop-226495-9340,2025-11-17,
Sophia Garcia,5,Gifted To My!,Gifted to my dad; the message card brought tears. Durabl ...and the best part? It fits like a dream.,to-my-daughter-infinity-knot-necklace-keepsake-message-card-from-mom-shop-226495-3665,2025-11-17,https://cdn.shopify.com/s/files/1/2264/9500/files/anniversary_necklace_wear.jpg
Aurora Lee,5,Perfect Gift; She!,Perfect gift; she loved it instantly. Can't wait to shop again.,interlocking-hearts-anniversary-necklace-i-love-you-this-much-gift-box-silverrose-gold-or-18k-gold-shop-226495-2181,2025-11-17,
Miles Sinclair,5,"Fast Shipping, Great!","Fast shipping, great box. The cubic zirconia rivals real diamonds up close. My girlfriend wears them everywhere now.",gift-wrap-with-personalized-message-shop-226495-1328,2025-11-17,
Gideon Anderson,4,As A Treat!,"As a treat for myself, this necklace feels luxurious. The infinity knot is a sweet reminder—wore it on date night and got compliments. Room for a longer chain next time.",red-cubic-zirconia-earrings-shop-226495-9340,2025-11-17,https://cdn.shopify.com/s/files/1/2264/9500/files/earrings_closeup_sparkle.jpg
Alexander Collins,5,This Personalized Bestie!,"This personalized bestie necklace was a surprise for my college roommate reunion. Custom name engraved flawlessly, message card heartfelt. We've both been layering it with other pieces—it's become our 'sisterhood' staple. Loox photos don't do the detail justice.",interlocking-hearts-anniversary-necklace-i-love-you-this-much-gift-box-silverrose-gold-or-18k-gold-shop-226495-2181,2025-11-17,https://cdn.shopify.com/s/files/1/2264/9500/files/anniversary_necklace_wear.jpg
Emma Phillips,5,Worth Every Penny—Sparkles!,Worth every penny—sparkles just right.,rose-petals-shop-226495-1585,2025-11-17,https://cdn.shopify.com/s/files/1/2264/9500/files/earrings_closeup_sparkle.jpg
Levi Wong,5,For My Sister'S!,"For my sister's birthday, the forever love heart was spot-on. She said it captures our chaotic but unbreakable bond. The 18k yellow gold finish elevates it from sweet to sophisticated. Delivery was discreet, and the rose petals add that extra romance touch.",to-my-beautiful-wife-last-everything-heart-necklace-message-card-from-husband-shop-226495-2728,2025-11-17,
Sebastian Lopez,5,This Personalized Bestie!,"This personalized bestie necklace was a surprise for my college roommate reunion. Custom name engraved flawlessly, message card hea ...and the best part? It fits like a dream.",to-my-beautiful-wife-last-everything-heart-necklace-message-card-from-husband-shop-226495-2728,2025-11-17,https://cdn.shopify.com/s/files/1/2264/9500/files/earrings_closeup_sparkle.jpg
Ava Carter,5,"Fast Shipping, Great!","Fast shipping, great box. The cubic zirconia rivals real d ...and the best part? It fits like a dream.",love-knot-stud-earrings-shop-226495-5414,2025-11-17,https://cdn.shopify.com/s/files/1/2264/9500/files/chain_on_wrist.jpg
Noah Allen,5,For My Sister'S!,"For my sister's birthday, the forever love heart was spot-on. She said it captures our chaotic but unbreakable bond. The 18k yellow gold finish elevates it from sweet to sophisticated. Delivery was discreet, and the rose petals add that extra romance touch.",red-cubic-zirconia-earrings-shop-226495-9340,2025-11-17,
Asher Phillips,5,"Fast Shipping, Great!","Fast shipping, great box. The cubic zirconia rivals real diamonds up close. My girlfriend wears them everywhere now.",gift-wrap-with-personalized-message-shop-226495-1328,2025-11-17,https://cdn.shopify.com/s/files/1/2264/9500/files/heart_pendant_closeup.jpg
Miles Novak,5,Stunning Piece—Arrived Fast!,Stunning piece—arrived fast and exceeded expectations.,dad-gift-cuban-link-chain-with-you-are-my-strength-role-model-best-friend-message-card-stainless-steel-or-14k-gold-shop-226495-9894,2025-11-17,https://cdn.shopify.com/s/files/1/2264/9500/files/earrings_closeup_sparkle.jpg
Logan Collins,5,"High Quality, Elegant!","High quality, elegant design. Highly recommend.",cubic-zirconia-earrings-shop-226495-5746,2025-11-17,
Nora Garcia,5,The Alluring Beauty!,"The alluring beauty ribbon for my girlfriend arrived in under a week, wrapped like a high-end boutique. The 'beautiful girlfriend' card sealed the sentiment; she teared up reading it aloud. White gold option is versatile—pairs with everything in her wardrobe.",mom-birthday-necklace-forever-love-heart-pendant-with-message-card-white-gold-or-18k-gold-shop-226495-8074,2025-11-17,
Knox Rodriguez,5,As A Mom!,"As a mom gifting the infinity knot to my daughter before college, this hit deep. The keepsake card from 'mom' is gold (literally). She's worn it non-stop, says it grounds her. Quality holds up to her active lifestyle—no snags or fades.",to-my-daughter-infinity-knot-necklace-keepsake-message-card-from-mom-shop-226495-3665,2025-11-17,https://cdn.shopify.com/s/files/1/2264/9500/files/earrings_closeup_sparkle.jpg
Stella Rodriguez,5,Perfect Gift; She!,Perfect gift; she loved it instantly. Can't wait to shop again.,rose-petals-shop-226495-1585,2025-11-17,https://cdn.shopify.com/s/files/1/2264/9500/files/heart_pendant_closeup.jpg
Luna Thomas,5,Gifted To My!,Gifted to my dad; the message card brought tears. Durabl ...and the best part? It fits like a dream.,rose-petals-shop-226495-1585,2025-11-17,
Dax Rodriguez,5,As A Mom!,"As a mom gifting the infinity knot to my daughter before college, this hit deep. The keepsake card from 'mom' is gold ...and the best part? It fits like a dream.",girlfriend-gift-alluring-beauty-ribbon-necklace-with-to-my-beautiful-girlfriend-message-card-white-gold-or-18k-gold-shop-226495-2908,2025-11-17,
Beckett Roberts,5,This Personalized Bestie!,"This personalized bestie necklace was a surprise for my college roommate reunion. Custom name engraved flawlessly, message card heartfelt. We've both been layering it with other pieces—it's become our 'sisterhood' staple. Loox photos don't do the detail justice. Can't wait to shop again.",mom-birthday-necklace-forever-love-heart-pendant-with-message-card-white-gold-or-18k-gold-shop-226495-8074,2025-11-17,
Aurora Chen,4,Worth Every Penny—Sparkles!,Worth every penny—sparkles just right. Room for a longer chain next time.,to-my-sister-forever-love-heart-necklace-14k-white-or-18k-yellow-gold-finish-shop-226495-6927,2025-11-17,
Isabella Green,5,"High Quality, Elegant!","High quality, elegant design. Highly recommend.",dad-gift-cuban-link-chain-with-you-are-my-strength-role-model-best-friend-message-card-stainless-steel-or-14k-gold-shop-226495-9894,2025-11-17,
Zoe Harris,5,Perfect Gift; She!,Perfect gift; she loved it instantly.,interlocking-hearts-anniversary-necklace-i-love-you-this-much-gift-box-silverrose-gold-or-18k-gold-shop-226495-2181,2025-11-17,https://cdn.shopify.com/s/files/1/2264/9500/files/heart_pendant_closeup.jpg
Echo Kim,5,Worth Every Penny—S!,Worth every penny—s ...and the best part? Zero regrets on the upgrade.,interlocking-hearts-anniversary-necklace-i-love-you-this-much-gift-box-silverrose-gold-or-18k-gold-shop-226495-2181,2025-11-17,https://cdn.shopify.com/s/files/1/2264/9500/files/anniversary_necklace_wear.jpg
Echo Allen,5,Perfect Gift; She!,Perfect gift; she loved it instantly.,gift-wrap-with-personalized-message-shop-226495-1328,2025-11-17,
Rory Green,4,Worth Every Penny—Sparkles!,Worth every penny—sparkles just right. Can't wait to shop again. Room for a longer chain next time.,interlocking-hearts-anniversary-necklace-i-love-you-this-much-gift-box-silverrose-gold-or-18k-gold-shop-226495-2181,2025-11-17,https://cdn.shopify.com/s/files/1/2264/9500/files/heart_pendant_closeup.jpg
Alexander Lopez,5,"High Quality, Elegant!","High quality, elegant d ...and the best part? It fits like a dream.",husband-gift-cuban-link-chain-with-to-my-amazing-husband-message-card-stainless-steel-or-14k-gold-shop-226495-8496,2025-11-17,
Levi Wong,4,Worth Every Penny—Sparkles!,Worth every penny—sparkles just right. Room for a longer chain next time.,to-my-sister-forever-love-heart-necklace-14k-white-or-18k-yellow-gold-finish-shop-226495-6927,2025-11-17,
Amelia Phillips,5,"High Quality, Elegant!","High quality, elegant d ...and the best part? It fits like a dream.",interlocking-hearts-anniversary-necklace-i-love-you-this-much-gift-box-silverrose-gold-or-18k-gold-shop-226495-2181,2025-11-17,https://cdn.shopify.com/s/files/1/2264/9500/files/heart_pendant_closeup.jpg
James Lee,5,Stunning Piece—Arrived Fast!,Stunning piece—arrived fast ...and the best part? It fits like a dream.,personalized-bestie-name-necklace-custom-gift-with-message-card-made-in-usa-shop-226495-8033,2025-11-17,
Luna Patel,5,Perfect Gift; She!,Perfect gift; she  ...and the best part? It fits like a dream.,to-my-beautiful-wife-last-everything-heart-necklace-message-card-from-husband-shop-226495-2728,2025-11-17,
Caleb Wright,5,"Timely Delivery, Beautiful!","Timely delivery, beautiful craftsmanship. Can't wait to shop again.",red-cubic-zirconia-earrings-shop-226495-9340,2025-11-17,
Selene Martinez,5,Perfect Gift; She!,Perfect gift; she adores it instantly.,husband-gift-cuban-link-chain-with-to-my-amazing-husband-message-card-stainless-steel-or-14k-gold-shop-226495-8496,2025-11-17,
Theo Turner,5,Stunning Piece—Arrived Fast!,Stunning piece—arrived fast ...and the best part? It fits like a dream.,rose-petals-shop-226495-1585,2025-11-18,https://cdn.shopify.com/s/files/1/2264/9500/files/anniversary_necklace_wear.jpg
Chloe Collins,5,As A Treat!,"As a treat for myself, this necklace feels luxurious. The infinity knot is a sweet reminder—wore it on date night and got compliments.",red-cubic-zirconia-earrings-shop-226495-9340,2025-11-18,
Sophia Novak,5,Stunning Piece—Arrived Fast!,Stunning piece—arrived fast and exceeded expectations.,rose-petals-shop-226495-1585,2025-11-18,https://cdn.shopify.com/s/files/1/2264/9500/files/earrings_closeup_sparkle.jpg
Logan Collins,5,I Was Skeptical!,"I was skeptical about online jewelry, but this chain for my husband blew me away. The Cuban link is hefty yet comfortable, and pairing it with the 'amazing husband' card made our 10-year milestone unforgettable. No tarnish after weeks—ordering more for the family.",dad-gift-cuban-link-chain-with-you-are-my-strength-role-model-best-friend-message-card-stainless-steel-or-14k-gold-shop-226495-9894,2025-11-18,https://cdn.shopify.com/s/files/1/2264/9500/files/chain_on_wrist.jpg
Griffin Phillips,5,Perfect Gift; She!,Perfect gift; she  ...and the best part? Zero regrets on the upgrade.,interlocking-hearts-anniversary-necklace-i-love-you-this-much-gift-box-silverrose-gold-or-18k-gold-shop-226495-2181,2025-11-18,
Evelyn Hall,5,As A Mom!,"As a mom gifting the infinity knot to my daughter before college, this hit deep. The keepsake card from 'mom' is gold (literally). She's worn it non-stop, says it grounds her. Quality holds up to her active lifestyle—no snags or fades. Can't wait to shop again.",interlocking-hearts-anniversary-necklace-i-love-you-this-much-gift-box-silverrose-gold-or-18k-gold-shop-226495-2181,2025-11-18,https://cdn.shopify.com/s/files/1/2264/9500/files/heart_pendant_closeup.jpg
Oliver Robinson,5,Gifted To My!,"Gifted to my dad; the message card brought tears. Durable chain, meaningful design. Feels premium for the price.",red-cubic-zirconia-earrings-shop-226495-9340,2025-11-18,
Roman Evans,5,The Alluring Beauty!,"The alluring beauty ribbon for my girlfriend arrived in under a week, wrapped like a high-end boutique. The 'beautiful girlfriend' card sealed the sentiment; she teared up reading it aloud. White gold option is versatile—pairs with everything in her wardrobe. Can't wait to shop again.",cubic-zirconia-earrings-shop-226495-5746,2025-11-18,https://cdn.shopify.com/s/files/1/2264/9500/files/anniversary_necklace_wear.jpg
Opal Green,5,"High Quality, Elegant!","High quality, elegant design. Highly recommend.",girlfriend-gift-alluring-beauty-ribbon-necklace-with-to-my-beautiful-girlfriend-message-card-white-gold-or-18k-gold-shop-226495-2908,2025-11-18,
Indigo Clark,5,Stunning Piece—Arrived Fast!,Stunning piece—arrived fast ...and the best part? Zero regrets on the upgrade.,husband-gift-cuban-link-chain-with-to-my-amazing-husband-message-card-stainless-steel-or-14k-gold-shop-226495-8496,2025-11-18,https://cdn.shopify.com/s/files/1/2264/9500/files/heart_pendant_closeup.jpg
Chloe Thomas,5,Bought This For!,"Bought this for our anniversary and it was a hit. The interlocking hearts symbolize our bond flawlessly, and the rose gold tone matches her style. Packaging was thoughtful too.",rose-petals-shop-226495-1585,2025-11-18,
Liam Mitchell,5,"Timely Delivery, Beautiful!","Timely delivery, beautiful craftsmanship.",cubic-zirconia-earrings-shop-226495-5746,2025-11-18,
Harper Wilson,5,Perfect Gift; She!,Perfect gift; she  ...and the best part? It fits like a dream.,dad-gift-cuban-link-chain-with-you-are-my-strength-role-model-best-friend-message-card-stainless-steel-or-14k-gold-shop-226495-9894,2025-11-18,
Nova Novak,5,As A Mom!,"As a mom gifting the infinity knot to my daughter before college, this hit deep. The keepsake card from 'mom' is gold ...and the best part? It fits like a dream.",love-knot-stud-earrings-shop-226495-5414,2025-11-18,https://cdn.shopify.com/s/files/1/2264/9500/files/earrings_closeup_sparkle.jpg
Cleo Reyes,5,These Earrings Are!,These earrings are a game-changer for daily wear. Subtle shine without being flashy—comfortable all day. Shipped quicker than promised. Can't wait to shop again.,gift-wrap-with-personalized-message-shop-226495-1328,2025-11-18,https://cdn.shopify.com/s/files/1/2264/9500/files/heart_pendant_closeup.jpg
Violet Walker,5,Bought This For!,"Bought this for our anniversary and it was a hit. The interlocking hearts symbolize our bond perfectly, and the rose gold tone matches her style. Packaging was thoughtful too.",interlocking-hearts-anniversary-necklace-i-love-you-this-much-gift-box-silverrose-gold-or-18k-gold-shop-226495-2181,2025-11-18,
Ella Garcia,5,"Fast Shipping, Great!","Fast shipping, great box. The cubic zirconia rivals real d ...and the best part? It fits like a dream.",to-my-sister-forever-love-heart-necklace-14k-white-or-18k-yellow-gold-finish-shop-226495-6927,2025-11-18,https://cdn.shopify.com/s/files/1/2264/9500/files/earrings_closeup_sparkle.jpg
Esme King,5,These Earrings Are!,These earrings are a game-changer for daily wear. Subtle shine without being flashy—comfortable all day. Shipped quicker than promised. Can't wait to shop again.,rose-petals-shop-226495-1585,2025-11-18,https://cdn.shopify.com/s/files/1/2264/9500/files/heart_pendant_closeup.jpg
Chloe Anderson,5,As A Treat!,"As a treat for myself, this necklace feels luxurious. The infinity knot is a sweet reminder—wore it on date night and got compliments.",best-friend-love-knot-necklace-thank-you-for-standing-by-my-side-message-card-white-gold-or-18k-gold-shop-226495-7951,2025-11-18,https://cdn.shopify.com/s/files/1/2264/9500/files/anniversary_necklace_wear.jpg
Isabella Roberts,5,Perfect Gift; She!,Perfect gift; she adores it instantly.,husband-gift-cuban-link-chain-with-to-my-amazing-husband-message-card-stainless-steel-or-14k-gold-shop-226495-8496,2025-11-18,
Cleo Allen,5,"High Quality, Elegant!","High quality, elegant design. Highly recommend.",girlfriend-gift-alluring-beauty-ribbon-necklace-with-to-my-beautiful-girlfriend-message-card-white-gold-or-18k-gold-shop-226495-2908,2025-11-18,
Aurora Robinson,4,Bought This For!,"Bought this for our anniversary and it was a hit. The interlocking hearts symbolize our bond flawlessly, and the rose gold tone matches her style. Packaging was thoughtful too. Room for a longer chain next time.",interlocking-hearts-anniversary-necklace-i-love-you-this-much-gift-box-silverrose-gold-or-18k-gold-shop-226495-2181,2025-11-18,
Felix Lee,5,Worth Every Penny—Sparkles!,Worth every penny—sparkles just right.,girlfriend-gift-alluring-beauty-ribbon-necklace-with-to-my-beautiful-girlfriend-message-card-white-gold-or-18k-gold-shop-226495-2908,2025-11-18,https://cdn.shopify.com/s/files/1/2264/9500/files/anniversary_necklace_wear.jpg
Nora Evans,5,I Was Skeptical!,"I was skeptical about online jewelry, but this chain for my husband blew me away. The Cuban link is hefty yet comfortable, and pairing it with the 'amazing husband' card made our 10-year milestone unforgettable. No tarnish after weeks—ordering more for the family.",to-my-daughter-infinity-knot-necklace-keepsake-message-card-from-mom-shop-226495-3665,2025-11-18,https://cdn.shopify.com/s/files/1/2264/9500/files/heart_pendant_closeup.jpg
Cleo Wilson,5,"Fast Shipping, Great!","Fast shipping, great box. The cubic zirconia rivals real diamonds up close. My girlfriend wears them everywhere now.",cubic-zirconia-earrings-shop-226495-5746,2025-11-18,
Mason Nelson,5,As A Treat!,"As a treat for myself, this necklace feels luxurious. The infinity knot is a sweet reminder—wore it on date night and got compliments. Can't wait to shop again.",dad-gift-cuban-link-chain-with-you-are-my-strength-role-model-best-friend-message-card-stainless-steel-or-14k-gold-shop-226495-9894,2025-11-18,https://cdn.shopify.com/s/files/1/2264/9500/files/chain_on_wrist.jpg
Liam Reyes,5,"High Quality, Elegant!","High quality, elegant design. Highly recommend. Can't wait to shop again.",dad-gift-cuban-link-chain-with-you-are-my-strength-role-model-best-friend-message-card-stainless-steel-or-14k-gold-shop-226495-9894,2025-11-18,https://cdn.shopify.com/s/files/1/2264/9500/files/heart_pendant_closeup.jpg
Oliver Martin,5,The Alluring Beauty!,"The alluring beauty ribbon for my girlfriend arrived in under a week, wrapped like a high-end boutique. The 'beautiful girlfriend' card sealed the sentiment; she teared up reading it aloud. White gold option is versatile—pairs with everything in her wardrobe. Can't wait to shop again.",to-my-beautiful-wife-last-everything-heart-necklace-message-card-from-husband-shop-226495-2728,2025-11-18,
Kieran Novak,5,This Personalized Bestie!,"This personalized bestie necklace was a surprise for my college roommate reunion. Custom name engraved flawlessly, message card heartfelt. We've both been layering it with other pieces—it's become our 'sisterhood' staple. Loox photos don't do the detail justice.",personalized-bestie-name-necklace-custom-gift-with-message-card-made-in-usa-shop-226495-8033,2025-11-18,
Nora Thomas,5,Perfect Gift; She!,Perfect gift; she adores it instantly.,girlfriend-gift-alluring-beauty-ribbon-necklace-with-to-my-beautiful-girlfriend-message-card-white-gold-or-18k-gold-shop-226495-2908,2025-11-18,
Freya Sinclair,5,Gifted To My!,"Gifted to my dad; the message card brought tears. Durable chain, meaningful design. Feels premium for the price.",best-friend-love-knot-necklace-thank-you-for-standing-by-my-side-message-card-white-gold-or-18k-gold-shop-226495-7951,2025-11-18,https://cdn.shopify.com/s/files/1/2264/9500/files/earrings_closeup_sparkle.jpg
Soren Hernandez,5,Perfect Gift; She!,Perfect gift; she  ...and the best part? Zero regrets on the upgrade.,to-my-beautiful-wife-last-everything-heart-necklace-message-card-from-husband-shop-226495-2728,2025-11-18,
Mia Anderson,5,As A Treat!,"As a treat for myself, this necklace feels luxurious. The infinity knot is a sweet reminder—wore it on date night and got compliments.",best-friend-love-knot-necklace-thank-you-for-standing-by-my-side-message-card-white-gold-or-18k-gold-shop-226495-7951,2025-11-18,
Gideon Evans,5,Bought This For!,"Bought this for our anniversary and it was a hit. The interlocking hearts symbolize our bond perfectly, and the rose gold tone matches her style. Packaging was thoughtful too. Can't wait to shop again.",rose-petals-shop-226495-1585,2025-11-19,
Knox Parker,5,Worth Every Penny—S!,Worth every penny—s ...and the best part? Zero regrets on the upgrade.,to-my-sister-forever-love-heart-necklace-14k-white-or-18k-yellow-gold-finish-shop-226495-6927,2025-11-19,https://cdn.shopify.com/s/files/1/2264/9500/files/earrings_closeup_sparkle.jpg
Beckett Reyes,5,Stunning Piece—Arrived Fast!,Stunning piece—arrived fast and exceeded expectations. Can't wait to shop again.,best-friend-love-knot-necklace-thank-you-for-standing-by-my-side-message-card-white-gold-or-18k-gold-shop-226495-7951,2025-11-19,https://cdn.shopify.com/s/files/1/2264/9500/files/earrings_closeup_sparkle.jpg
Declan Evans,5,As A Treat!,"As a treat for myself, this necklace feels luxurious. The infinity  ...and the best part? It fits like a dream.",rose-petals-shop-226495-1585,2025-11-19,
Dax Lee,5,For My Sister'S!,"For my sister's birthday, the forever love heart was spot-on. She said it captures our chaotic but unbreakable bond. The 18k yellow gold finish elevates it from sweet to sophisticated. Delivery was discreet, and the rose petals add that extra romance touch. Can't wait to shop again.",best-friend-love-knot-necklace-thank-you-for-standing-by-my-side-message-card-white-gold-or-18k-gold-shop-226495-7951,2025-11-19,https://cdn.shopify.com/s/files/1/2264/9500/files/chain_on_wrist.jpg
Willow Hale,5,"High Quality, Elegant!","High quality, elegant d ...and the best part? Zero regrets on the upgrade.",dad-gift-cuban-link-chain-with-you-are-my-strength-role-model-best-friend-message-card-stainless-steel-or-14k-gold-shop-226495-9894,2025-11-19,https://cdn.shopify.com/s/files/1/2264/9500/files/chain_on_wrist.jpg
Selene Baker,5,"Fast Shipping, Great!","Fast shipping, great box. The cubic zirconia rivals real diamonds up close. My girlfriend wears them everywhere now.",rose-petals-shop-226495-1585,2025-11-19,
Isabella Harris,5,Worth Every Penny—S!,Worth every penny—s ...and the best part? It fits like a dream.,interlocking-hearts-anniversary-necklace-i-love-you-this-much-gift-box-silverrose-gold-or-18k-gold-shop-226495-2181,2025-11-19,
Alexander White,5,The Alluring Beauty!,"The alluring beauty ribbon for my girlfriend arrived in under a week, wrapped like a high-end boutique. The 'beautiful girlfriend' card sealed the sentiment; she teared up reading it aloud. White gold option is versatile—pairs with everything in her wardrobe.",rose-petals-shop-226495-1585,2025-11-19,
Sebastian Anderson,5,"Fast Shipping, Great!","Fast shipping, great box. The cubic zirconia rivals real diamonds up close. My girlfriend wears them everywhere now.",mom-birthday-necklace-forever-love-heart-pendant-with-message-card-white-gold-or-18k-gold-shop-226495-8074,2025-11-19,
Selene Carter,5,"Timely Delivery, Beautiful!","Timely delivery, beautiful craftsmanship. Can't wait to shop again.",love-knot-stud-earrings-shop-226495-5414,2025-11-19,
Sage Perez,5,"High Quality, Elegant!","High quality, elegant design. Highly recommend. Can't wait to shop again.",dad-gift-cuban-link-chain-with-you-are-my-strength-role-model-best-friend-message-card-stainless-steel-or-14k-gold-shop-226495-9894,2025-11-19,
Chloe Carter,5,These Earrings Are!,These earrings are a game-changer for daily wear. Subtle shine without being flashy—comfortable all day. Shipped quicker than promised.,girlfriend-gift-alluring-beauty-ribbon-necklace-with-to-my-beautiful-girlfriend-message-card-white-gold-or-18k-gold-shop-226495-2908,2025-11-19,
Ella Hill,5,As A Treat!,"As a treat for myself, this necklace feels luxurious. The infinity  ...and the best part? It fits like a dream.",interlocking-hearts-anniversary-necklace-i-love-you-this-much-gift-box-silverrose-gold-or-18k-gold-shop-226495-2181,2025-11-19,https://cdn.shopify.com/s/files/1/2264/9500/files/heart_pendant_closeup.jpg
Miles White,5,As A Mom!,"As a mom gifting the infinity knot to my daughter before college, this hit deep. The keepsake card from 'mom' is gold (literally). She's worn it non-stop, says it grounds her. Quality holds up to her active lifestyle—no snags or fades. Can't wait to shop again.",husband-gift-cuban-link-chain-with-to-my-amazing-husband-message-card-stainless-steel-or-14k-gold-shop-226495-8496,2025-11-19,
Jasper Lee,5,Worth Every Penny—S!,Worth every penny—s ...and the best part? Zero regrets on the upgrade.,cubic-zirconia-earrings-shop-226495-5746,2025-11-19,
Willow Hale,5,For My Sister'S!,"For my sister's birthday, the forever love heart was spot-on. She said it captures our chaotic but unbreakable bond. The 18k yellow gold finish elevates it from sweet to sophisticated. Delivery was discreet, and the rose petals add that extra romance touch. Can't wait to shop again.",rose-petals-shop-226495-1585,2025-11-19,https://cdn.shopify.com/s/files/1/2264/9500/files/earrings_closeup_sparkle.jpg
Logan Novak,5,Worth Every Penny—Sparkles!,Worth every penny—sparkles just right.,girlfriend-gift-alluring-beauty-ribbon-necklace-with-to-my-beautiful-girlfriend-message-card-white-gold-or-18k-gold-shop-226495-2908,2025-11-19,https://cdn.shopify.com/s/files/1/2264/9500/files/chain_on_wrist.jpg
Alexander Young,5,For My Sister'S!,"For my sister's birthday, the forever love heart was spot-on. She said it captures our chaotic but unbreakable bond. The 18k yellow gold finish elevates it from sweet to sophisticated. Delivery was discreet, and the rose petals add that extra romance touch.",love-knot-stud-earrings-shop-226495-5414,2025-11-19,
Roman Scott,4,"Timely Delivery, Beautiful!","Timely delivery, beautiful craftsmanship. Room for a longer chain next time.",dad-gift-cuban-link-chain-with-you-are-my-strength-role-model-best-friend-message-card-stainless-steel-or-14k-gold-shop-226495-9894,2025-11-19,https://cdn.shopify.com/s/files/1/2264/9500/files/anniversary_necklace_wear.jpg
Levi Thomas,5,The Alluring Beauty!,"The alluring beauty ribbon for my girlfriend arrived in under a week, wrapped like a high-end boutique. The 'beautiful girlfriend' card sealed the sentiment; she teared up reading it aloud. White gold option is versatile—pairs with everything in her wardrobe. Can't wait to shop again.",best-friend-love-knot-necklace-thank-you-for-standing-by-my-side-message-card-white-gold-or-18k-gold-shop-226495-7951,2025-11-19,
James Wilson,5,This Personalized Bestie!,"This personalized bestie necklace was a surprise for my college roommate reunion. Custom name engraved flawlessly, message card heartfelt. We've both been layering it with other pieces—it's become our 'sisterhood' staple. Loox photos don't do the detail justice. Can't wait to shop again.",personalized-bestie-name-necklace-custom-gift-with-message-card-made-in-usa-shop-226495-8033,2025-11-19,https://cdn.shopify.com/s/files/1/2264/9500/files/anniversary_necklace_wear.jpg
Marcus Martinez,5,Gifted To My!,Gifted to my dad; the message card brought tears. Durabl ...and the best part? Zero regrets on the upgrade.,gift-wrap-with-personalized-message-shop-226495-1328,2025-11-19,https://cdn.shopify.com/s/files/1/2264/9500/files/anniversary_necklace_wear.jpg
Ethan Evans,5,"Fast Shipping, Great!","Fast shipping, great box. The cubic zirconia rivals real diamonds up close. My girlfriend wears them everywhere now.",best-friend-love-knot-necklace-thank-you-for-standing-by-my-side-message-card-white-gold-or-18k-gold-shop-226495-7951,2025-11-19,https://cdn.shopify.com/s/files/1/2264/9500/files/chain_on_wrist.jpg
Cleo Wilson,5,Stunning Piece—Arrived Fast!,Stunning piece—arrived fast and exceeded expectations.,to-my-sister-forever-love-heart-necklace-14k-white-or-18k-yellow-gold-finish-shop-226495-6927,2025-11-19,https://cdn.shopify.com/s/files/1/2264/9500/files/heart_pendant_closeup.jpg
Miles Perez,5,This Personalized Bestie!,"This personalized bestie necklace was a surprise for my college roommate reunion. Custom name engraved flawlessly, message card heartfelt. We've both been layering it with other pieces—it's become our 'sisterhood' staple. Loox photos don't do the detail justice.",red-cubic-zirconia-earrings-shop-226495-9340,2025-11-19,https://cdn.shopify.com/s/files/1/2264/9500/files/heart_pendant_closeup.jpg
Ethan Rodriguez,5,As A Mom!,"As a mom gifting the infinity knot to my daughter before college, this hit deep. The keepsake card from 'mom' is gold ...and the best part? It fits like a dream.",red-cubic-zirconia-earrings-shop-226495-9340,2025-11-19,
Oliver Martinez,5,Gifted To My!,"Gifted to my dad; the message card brought tears. Durable chain, meaningful design. Feels premium for the price. Can't wait to shop again.",mom-birthday-necklace-forever-love-heart-pendant-with-message-card-white-gold-or-18k-gold-shop-226495-8074,2025-11-19,https://cdn.shopify.com/s/files/1/2264/9500/files/anniversary_necklace_wear.jpg
Hazel Perez,4,"Fast Shipping, Great!","Fast shipping, great box. The cubic zirconia rivals real diamonds up close. My girlfriend wears them everywhere now. Room for a longer chain next time.",girlfriend-gift-alluring-beauty-ribbon-necklace-with-to-my-beautiful-girlfriend-message-card-white-gold-or-18k-gold-shop-226495-2908,2025-11-19,https://cdn.shopify.com/s/files/1/2264/9500/files/chain_on_wrist.jpg
Aria Adams,5,I Was Skeptical!,"I was skeptical about online jewelry, but this chain for my husband blew me away. The Cuban link is hefty yet comfortable, and pairing it with the 'amazing husband' card made our 10-year milestone unforgettable. No tarnish after weeks—ordering more for the family.",husband-gift-cuban-link-chain-with-to-my-amazing-husband-message-card-stainless-steel-or-14k-gold-shop-226495-8496,2025-11-19,https://cdn.shopify.com/s/files/1/2264/9500/files/earrings_closeup_sparkle.jpg
Beckett Edwards,5,Worth Every Penny—Sparkles!,Worth every penny—sparkles just right.,personalized-bestie-name-necklace-custom-gift-with-message-card-made-in-usa-shop-226495-8033,2025-11-19,
Liam Gonzalez,5,Worth Every Penny—S!,Worth every penny—s ...and the best part? Zero regrets on the upgrade.,to-my-sister-forever-love-heart-necklace-14k-white-or-18k-yellow-gold-finish-shop-226495-6927,2025-11-20,https://cdn.shopify.com/s/files/1/2264/9500/files/chain_on_wrist.jpg
Jack Garcia,5,As A Mom!,"As a mom gifting the infinity knot to my daughter before college, this hit deep. The keepsake card from 'mom' is gold (literally). She's worn it non-stop, says it grounds her. Quality holds up to her active lifestyle—no snags or fades.",red-cubic-zirconia-earrings-shop-226495-9340,2025-11-20,https://cdn.shopify.com/s/files/1/2264/9500/files/earrings_closeup_sparkle.jpg
Liora Perez,5,As A Treat!,"As a treat for myself, this necklace feels luxurious. The infinity knot is a sweet reminder—wore it on date night and got compliments.",interlocking-hearts-anniversary-necklace-i-love-you-this-much-gift-box-silverrose-gold-or-18k-gold-shop-226495-2181,2025-11-20,https://cdn.shopify.com/s/files/1/2264/9500/files/anniversary_necklace_wear.jpg
Levi Carter,5,"Timely Delivery, Beautiful!","Timely delivery, beautiful craftsmanship. Can't wait to shop again.",love-knot-stud-earrings-shop-226495-5414,2025-11-20,
Selene Martin,5,Bought This For!,"Bought this for our anniversary and it was a hit. The interlocking hearts symbolize our bond perfectly, and the rose gold tone matches her style. Packaging was thoughtful too.",dad-gift-cuban-link-chain-with-you-are-my-strength-role-model-best-friend-message-card-stainless-steel-or-14k-gold-shop-226495-9894,2025-11-20,
Echo Rodriguez,5,The Alluring Beauty!,"The alluring beauty ribbon for my girlfriend arrived in under a week, wrapped like a high-end boutique. The 'beautiful girlfriend' card sealed the sentiment; she teared up reading it aloud. White gold option is versatile—pairs with everything in her wardrobe.",best-friend-love-knot-necklace-thank-you-for-standing-by-my-side-message-card-white-gold-or-18k-gold-shop-226495-7951,2025-11-20,https://cdn.shopify.com/s/files/1/2264/9500/files/chain_on_wrist.jpg
Indigo Hale,5,For My Sister'S!,"For my sister's birthday, the forever love heart was spot-on. She said it captures our chaotic but unbreakable bond. The 18k yellow gold finish elevates it from sweet to sophisticated. Delivery was discreet, and the rose petals add that extra romance touch. Can't wait to shop again.",rose-petals-shop-226495-1585,2025-11-20,
Mia Evans,5,Gifted To My!,Gifted to my dad; the message card brought tears. Durabl ...and the best part? Zero regrets on the upgrade.,mom-birthday-necklace-forever-love-heart-pendant-with-message-card-white-gold-or-18k-gold-shop-226495-8074,2025-11-20,
Knox Thompson,5,For My Sister'S!,"For my sister's birthday, the forever love heart was spot-on. She said it captures our chaotic but unbreakable bond. The 18k yellow gold finish elevates it from sweet to sophisticated. Delivery was discreet, and the rose petals add that extra romance touch.",to-my-daughter-infinity-knot-necklace-keepsake-message-card-from-mom-shop-226495-3665,2025-11-20,https://cdn.shopify.com/s/files/1/2264/9500/files/anniversary_necklace_wear.jpg
Ethan Lee,4,As A Mom!,"As a mom gifting the infinity knot to my daughter before college, this hit deep. The keepsake card from 'mom' is gold (literally). She's worn it non-stop, says it grounds her. Quality holds up to her active lifestyle—no snags or fades. Can't wait to shop again. Room for a longer chain next time.",mom-birthday-necklace-forever-love-heart-pendant-with-message-card-white-gold-or-18k-gold-shop-226495-8074,2025-11-20,https://cdn.shopify.com/s/files/1/2264/9500/files/chain_on_wrist.jpg
Indigo Walker,5,Worth Every Penny—Sparkles!,Worth every penny—sparkles just right.,cubic-zirconia-earrings-shop-226495-5746,2025-11-20,
Liora Adams,5,Bought This For!,"Bought this for our anniversary and it was a hit. The interlocking hearts symbolize our bond perfectly, and the rose gold tone matches her style. Packaging was thoughtful too. Can't wait to shop again.",to-my-daughter-infinity-knot-necklace-keepsake-message-card-from-mom-shop-226495-3665,2025-11-20,https://cdn.shopify.com/s/files/1/2264/9500/files/anniversary_necklace_wear.jpg
Henry Lee,5,"High Quality, Elegant!","High quality, elegant d ...and the best part? It fits like a dream.",rose-petals-shop-226495-1585,2025-11-20,
Reid Parker,5,Stunning Piece—Arrived Fast!,Stunning piece—arrived fast and exceeded expectations. Can't wait to shop again.,interlocking-hearts-anniversary-necklace-i-love-you-this-much-gift-box-silverrose-gold-or-18k-gold-shop-226495-2181,2025-11-20,
Grace Hernandez,5,"Fast Shipping, Great!","Fast shipping, great box. The cubic zirconia rivals real d ...and the best part? It fits like a dream.",best-friend-love-knot-necklace-thank-you-for-standing-by-my-side-message-card-white-gold-or-18k-gold-shop-226495-7951,2025-11-20,https://cdn.shopify.com/s/files/1/2264/9500/files/chain_on_wrist.jpg
Sebastian Jackson,5,Perfect Gift; She!,Perfect gift; she  ...and the best part? It fits like a dream.,gift-wrap-with-personalized-message-shop-226495-1328,2025-11-20,https://cdn.shopify.com/s/files/1/2264/9500/files/chain_on_wrist.jpg
Lyric Clark,5,As A Mom!,"As a mom gifting the infinity knot to my daughter before college, this hit deep. The keepsake card from 'mom' is gold (literally). She's worn it non-stop, says it grounds her. Quality holds up to her active lifestyle—no snags or fades.",to-my-beautiful-wife-last-everything-heart-necklace-message-card-from-husband-shop-226495-2728,2025-11-20,https://cdn.shopify.com/s/files/1/2264/9500/files/anniversary_necklace_wear.jpg
Abigail Young,5,Bought This For!,"Bought this for our anniversary and it was a hit. The interlocking hearts symbolize our bond perfectly, and the rose gold tone matches her style. Packaging was thoughtful too. Can't wait to shop again.",to-my-daughter-infinity-knot-necklace-keepsake-message-card-from-mom-shop-226495-3665,2025-11-20,
Jasper Parker,5,These Earrings Are!,These earrings are a game-changer for daily wear. Subtle shine without being flashy—comfortable all day. Shipped quicker than promised.,to-my-sister-forever-love-heart-necklace-14k-white-or-18k-yellow-gold-finish-shop-226495-6927,2025-11-20,https://cdn.shopify.com/s/files/1/2264/9500/files/heart_pendant_closeup.jpg
Esme Robinson,3,As A Treat!,"As a treat for myself, this necklace feels luxurious. The infinity knot is a sweet reminder—wore it on date night and got compliments. Room for a longer chain next time.",best-friend-love-knot-necklace-thank-you-for-standing-by-my-side-message-card-white-gold-or-18k-gold-shop-226495-7951,2025-11-20,https://cdn.shopify.com/s/files/1/2264/9500/files/chain_on_wrist.jpg
Elijah Lewis,5,Gifted To My!,"Gifted to my dad; the message card brought tears. Durable chain, meaningful design. Feels premium for the price. Can't wait to shop again.",love-knot-stud-earrings-shop-226495-5414,2025-11-20,
Sebastian Roberts,5,"Fast Shipping, Great!","Fast shipping, great box. The cubic zirconia rivals real diamonds up close. My girlfriend wears them everywhere now. Can't wait to shop again.",husband-gift-cuban-link-chain-with-to-my-amazing-husband-message-card-stainless-steel-or-14k-gold-shop-226495-8496,2025-11-20,https://cdn.shopify.com/s/files/1/2264/9500/files/heart_pendant_closeup.jpg
Sage Hill,5,I Was Skeptical!,"I was skeptical about online jewelry, but this chain for my husband blew me away. The Cuban link is hefty yet comfortable, and pairing it with the 'amazing husband' card made our 10-year milestone unforgettable. No tarnish after weeks—ordering more for the family.",dad-gift-cuban-link-chain-with-you-are-my-strength-role-model-best-friend-message-card-stainless-steel-or-14k-gold-shop-226495-9894,2025-11-20,https://cdn.shopify.com/s/files/1/2264/9500/files/earrings_closeup_sparkle.jpg
Luna Gonzalez,5,"High Quality, Elegant!","High quality, elegant d ...and the best part? It fits like a dream.",rose-petals-shop-226495-1585,2025-11-20,
Felix Parker,5,Gifted To My!,Gifted to my dad; the message card brought tears. Durabl ...and the best part? Zero regrets on the upgrade.,to-my-sister-forever-love-heart-necklace-14k-white-or-18k-yellow-gold-finish-shop-226495-6927,2025-11-20,
Alexander Sinclair,5,"High Quality, Elegant!","High quality, elegant d ...and the best part? It fits like a dream.",gift-wrap-with-personalized-message-shop-226495-1328,2025-11-20,
Amelia Baker,5,"Timely Delivery, Bea!","Timely delivery, bea ...and the best part? It fits like a dream.",best-friend-love-knot-necklace-thank-you-for-standing-by-my-side-message-card-white-gold-or-18k-gold-shop-226495-7951,2025-11-20,https://cdn.shopify.com/s/files/1/2264/9500/files/chain_on_wrist.jpg
Echo Campbell,5,Gifted To My!,"Gifted to my dad; the message card brought tears. Durable chain, meaningful design. Feels premium for the price.",rose-petals-shop-226495-1585,2025-11-20,https://cdn.shopify.com/s/files/1/2264/9500/files/chain_on_wrist.jpg
Theo Novak,5,Stunning Piece—Arrived Fast!,Stunning piece—arrived fast and exceeded expectations.,to-my-daughter-infinity-knot-necklace-keepsake-message-card-from-mom-shop-226495-3665,2025-11-20,https://cdn.shopify.com/s/files/1/2264/9500/files/chain_on_wrist.jpg
Zoe Martin,5,These Earrings Are!,These earrings are a game-changer for daily wear. Subtle shine without being flashy—comfortable all day. Shipped quicker than promised.,love-knot-stud-earrings-shop-226495-5414,2025-11-20,https://cdn.shopify.com/s/files/1/2264/9500/files/earrings_closeup_sparkle.jpg
Aria Harris,5,"Fast Shipping, Great!","Fast shipping, great box. The cubic zirconia rivals real diamonds up close. My girlfriend wears them everywhere now.",dad-gift-cuban-link-chain-with-you-are-my-strength-role-model-best-friend-message-card-stainless-steel-or-14k-gold-shop-226495-9894,2025-11-20,https://cdn.shopify.com/s/files/1/2264/9500/files/heart_pendant_closeup.jpg
Caleb Robinson,5,"High Quality, Elegant!","High quality, elegant design. Highly recommend.",to-my-beautiful-wife-last-everything-heart-necklace-message-card-from-husband-shop-226495-2728,2025-11-20,https://cdn.shopify.com/s/files/1/2264/9500/files/chain_on_wrist.jpg
Caleb Rodriguez,5,For My Sister'S!,"For my sister's birthday, the forever love heart was spot-on. She said it captures our chaotic but unbreakable bond. The 18k yellow gold finish elevates it from sweet to sophisticated. Delivery was discreet, and the rose petals add that extra romance touch.",rose-petals-shop-226495-1585,2025-11-20,https://cdn.shopify.com/s/files/1/2264/9500/files/anniversary_necklace_wear.jpg
Hazel Evans,4,The Alluring Beauty!,"The alluring beauty ribbon for my girlfriend arrived in under a week, wrapped like a high-end boutique. The 'beautiful girlfriend ...and the best part? It fits like a dream. Room for a longer chain next time.",love-knot-stud-earrings-shop-226495-5414,2025-11-20,https://cdn.shopify.com/s/files/1/2264/9500/files/chain_on_wrist.jpg
Reid Walker,5,I Was Skeptical!,"I was skeptical about online jewelry, but this chain for my husband blew me away. The Cuban link is hefty yet comfortable, and pairing it with the 'amazing husband' card made our 10-year milestone unforgettable. No tarnish after weeks—ordering more for the family.",cubic-zirconia-earrings-shop-226495-5746,2025-11-20,https://cdn.shopify.com/s/files/1/2264/9500/files/heart_pendant_closeup.jpg
Zane Mitchell,5,These Earrings Are!,These earrings are a game-changer for daily wear. Subtle shine without being flashy—comfortable all day. Shipped quicker than promised.,best-friend-love-knot-necklace-thank-you-for-standing-by-my-side-message-card-white-gold-or-18k-gold-shop-226495-7951,2025-11-21,https://cdn.shopify.com/s/files/1/2264/9500/files/heart_pendant_closeup.jpg
Willow Chen,4,"Timely Delivery, Beautiful!","Timely delivery, beautiful craftsmanship. Can't wait to shop again. Room for a longer chain next time.",mom-birthday-necklace-forever-love-heart-pendant-with-message-card-white-gold-or-18k-gold-shop-226495-8074,2025-11-21,
Luna Mitchell,5,"Timely Delivery, Bea!","Timely delivery, bea ...and the best part? It fits like a dream.",red-cubic-zirconia-earrings-shop-226495-9340,2025-11-21,https://cdn.shopify.com/s/files/1/2264/9500/files/anniversary_necklace_wear.jpg
Aurora Young,5,Gifted To My!,"Gifted to my dad; the message card brought tears. Durable chain, meaningful design. Feels premium for the price.",personalized-bestie-name-necklace-custom-gift-with-message-card-made-in-usa-shop-226495-8033,2025-11-21,https://cdn.shopify.com/s/files/1/2264/9500/files/heart_pendant_closeup.jpg
Scarlett Scott,5,Bought This For!,"Bought this for our anniversary and it was a hit. The interlocking hearts symbolize our bond perfectly, and the rose gold tone matches her style. Packaging was thoughtful too. Can't wait to shop again.",to-my-sister-forever-love-heart-necklace-14k-white-or-18k-yellow-gold-finish-shop-226495-6927,2025-11-21,
Alexander Anderson,4,Perfect Gift; She!,Perfect gift; she  ...and the best part? Zero regrets on the upgrade. Room for a longer chain next time.,best-friend-love-knot-necklace-thank-you-for-standing-by-my-side-message-card-white-gold-or-18k-gold-shop-226495-7951,2025-11-21,
Echo Anderson,5,Perfect Gift; She!,Perfect gift; she  ...and the best part? It fits like a dream.,dad-gift-cuban-link-chain-with-you-are-my-strength-role-model-best-friend-message-card-stainless-steel-or-14k-gold-shop-226495-9894,2025-11-21,https://cdn.shopify.com/s/files/1/2264/9500/files/earrings_closeup_sparkle.jpg
Opal Walker,5,As A Treat!,"As a treat for myself, this necklace feels luxurious. The infinity  ...and the best part? Zero regrets on the upgrade.",gift-wrap-with-personalized-message-shop-226495-1328,2025-11-21,https://cdn.shopify.com/s/files/1/2264/9500/files/heart_pendant_closeup.jpg
James Perez,4,For My Sister'S!,"For my sister's birthday, the forever love heart was spot-on. She said it captures our chaotic but unbreakable bond. The 18k yel ...and the best part? Zero regrets on the upgrade. Room for a longer chain next time.",cubic-zirconia-earrings-shop-226495-5746,2025-11-21,https://cdn.shopify.com/s/files/1/2264/9500/files/heart_pendant_closeup.jpg
Lila Novak,5,"Timely Delivery, Beautiful!","Timely delivery, beautiful craftsmanship. Can't wait to shop again.",girlfriend-gift-alluring-beauty-ribbon-necklace-with-to-my-beautiful-girlfriend-message-card-white-gold-or-18k-gold-shop-226495-2908,2025-11-21,https://cdn.shopify.com/s/files/1/2264/9500/files/chain_on_wrist.jpg
Sebastian Perez,5,This Personalized Bestie!,"This personalized bestie necklace was a surprise for my college roommate reunion. Custom name engraved flawlessly, message card heartfelt. We've both been layering it with other pieces—it's become our 'sisterhood' staple. Loox photos don't do the detail justice. Can't wait to shop again.",best-friend-love-knot-necklace-thank-you-for-standing-by-my-side-message-card-white-gold-or-18k-gold-shop-226495-7951,2025-11-21,https://cdn.shopify.com/s/files/1/2264/9500/files/chain_on_wrist.jpg
Maeve Robinson,5,Bought This For!,"Bought this for our anniversary and it was a hit. The interlocking hearts symbolize our bond perfectly, and the rose gold tone matches her style. Packaging was thoughtful too. Can't wait to shop again.",interlocking-hearts-anniversary-necklace-i-love-you-this-much-gift-box-silverrose-gold-or-18k-gold-shop-226495-2181,2025-11-21,https://cdn.shopify.com/s/files/1/2264/9500/files/anniversary_necklace_wear.jpg
Griffin Harris,5,These Earrings Are!,These earrings are a game-changer for daily wear. Subtle shine without being flashy—comfortable all day. Shipped quicker than promised. Can't wait to shop again.,to-my-daughter-infinity-knot-necklace-keepsake-message-card-from-mom-shop-226495-3665,2025-11-21,
Lucas Thompson,5,For My Sister'S!,"For my sister's birthday, the forever love heart was spot-on. She said it captures our chaotic but unbreakable bond. The 18k yellow gold finish elevates it from sweet to sophisticated. Delivery was discreet, and the rose petals add that extra romance touch.",girlfriend-gift-alluring-beauty-ribbon-necklace-with-to-my-beautiful-girlfriend-message-card-white-gold-or-18k-gold-shop-226495-2908,2025-11-21,https://cdn.shopify.com/s/files/1/2264/9500/files/chain_on_wrist.jpg
Abigail Collins,5,This Personalized Bestie!,"This personalized bestie necklace was a surprise for my college roommate reunion. Custom name engraved flawlessly, message card heartfelt. We've both been layering it with other pieces—it's become our 'sisterhood' staple. Loox photos don't do the detail justice.",girlfriend-gift-alluring-beauty-ribbon-necklace-with-to-my-beautiful-girlfriend-message-card-white-gold-or-18k-gold-shop-226495-2908,2025-11-21,https://cdn.shopify.com/s/files/1/2264/9500/files/anniversary_necklace_wear.jpg
Dax Thompson,5,Bought This For!,"Bought this for our anniversary and it was a hit. The interlocking hearts symbolize our bond perfectly, and the rose gold tone matches her style. Packaging was thoughtful too.",to-my-beautiful-wife-last-everything-heart-necklace-message-card-from-husband-shop-226495-2728,2025-11-21,
Evelyn Young,5,For My Sister'S!,"For my sister's birthday, the forever love heart was spot-on. She said it captures our chaotic but unbreakable bond. The 18k yellow gold finish elevates it from sweet to sophisticated. Delivery was discreet, and the rose petals add that extra romance touch.",to-my-beautiful-wife-last-everything-heart-necklace-message-card-from-husband-shop-226495-2728,2025-11-21,
Beckett Thompson,5,This Personalized Bestie!,"This personalized bestie necklace was a surprise for my college roommate reunion. Custom name engraved flawlessly, message card heartfelt. We've both been layering it with other pieces—it's become our 'sisterhood' staple. Loox photos don't do the detail justice.",love-knot-stud-earrings-shop-226495-5414,2025-11-21,
Silas Lopez,5,"Timely Delivery, Beautiful!","Timely delivery, beautiful craftsmanship.",girlfriend-gift-alluring-beauty-ribbon-necklace-with-to-my-beautiful-girlfriend-message-card-white-gold-or-18k-gold-shop-226495-2908,2025-11-21,
Marlowe Phillips,5,Gifted To My!,"Gifted to my dad; the message card brought tears. Durable chain, meaningful design. Feels premium for the price.",red-cubic-zirconia-earrings-shop-226495-9340,2025-11-21,
Isabella Gonzalez,5,These Earrings Are!,These earrings are a game-changer for daily wear. Subtle shine without being flashy—comfortable all day. Shipped quicker than promised.,rose-petals-shop-226495-1585,2025-11-21,
Lyric Patel,5,Stunning Piece—Arrived Fast!,Stunning piece—arrived fast and exceeded expectations.,best-friend-love-knot-necklace-thank-you-for-standing-by-my-side-message-card-white-gold-or-18k-gold-shop-226495-7951,2025-11-21,
Sebastian Phillips,5,"Fast Shipping, Great!","Fast shipping, great box. The cubic zirconia rivals real diamonds up close. My girlfriend wears them everywhere now.",gift-wrap-with-personalized-message-shop-226495-1328,2025-11-21,
Jasper Clark,5,The Alluring Beauty!,"The alluring beauty ribbon for my girlfriend arrived in under a week, wrapped like a high-end boutique. The 'beautiful girlfriend' card sealed the sentiment; she teared up reading it aloud. White gold option is versatile—pairs with everything in her wardrobe.",to-my-beautiful-wife-last-everything-heart-necklace-message-card-from-husband-shop-226495-2728,2025-11-21,https://cdn.shopify.com/s/files/1/2264/9500/files/heart_pendant_closeup.jpg
Gideon Turner,5,Stunning Piece—Arrived Fast!,Stunning piece—arrived fast ...and the best part? It fits like a dream.,gift-wrap-with-personalized-message-shop-226495-1328,2025-11-21,https://cdn.shopify.com/s/files/1/2264/9500/files/chain_on_wrist.jpg
Hazel Phillips,5,"High Quality, Elegant!","High quality, elegant d ...and the best part? Zero regrets on the upgrade.",rose-petals-shop-226495-1585,2025-11-21,https://cdn.shopify.com/s/files/1/2264/9500/files/earrings_closeup_sparkle.jpg
Luna Nelson,5,"Timely Delivery, Bea!","Timely delivery, bea ...and the best part? It fits like a dream.",to-my-sister-forever-love-heart-necklace-14k-white-or-18k-yellow-gold-finish-shop-226495-6927,2025-11-21,
Zoe Clark,5,Perfect Gift; She!,Perfect gift; she  ...and the best part? Zero regrets on the upgrade.,interlocking-hearts-anniversary-necklace-i-love-you-this-much-gift-box-silverrose-gold-or-18k-gold-shop-226495-2181,2025-11-21,https://cdn.shopify.com/s/files/1/2264/9500/files/heart_pendant_closeup.jpg
Nora Edwards,5,Bought This For!,"Bought this for our anniversary and it was a hit. The interlocking hearts symbolize our bond flawlessly, and the rose gold tone matches her style. Packaging was thoughtful too.",best-friend-love-knot-necklace-thank-you-for-standing-by-my-side-message-card-white-gold-or-18k-gold-shop-226495-7951,2025-11-21,
Asher Carter,5,The Alluring Beauty!,"The alluring beauty ribbon for my girlfriend arrived in under a week, wrapped like a high-end boutique. The 'beautiful girlfriend' card sealed the sentiment; she teared up reading it aloud. White gold option is versatile—pairs with everything in her wardrobe.",rose-petals-shop-226495-1585,2025-11-21,
Opal Hill,5,For My Sister'S!,"For my sister's birthday, the forever love heart was spot-on. She said it captures our chaotic but unbreakable bond. The 18k yellow gold finish elevates it from sweet to sophisticated. Delivery was discreet, and the rose petals add that extra romance touch. Can't wait to shop again.",to-my-beautiful-wife-last-everything-heart-necklace-message-card-from-husband-shop-226495-2728,2025-11-21,https://cdn.shopify.com/s/files/1/2264/9500/files/heart_pendant_closeup.jpg
Jack Garcia,5,"Fast Shipping, Great!","Fast shipping, great box. The cubic zirconia rivals real d ...and the best part? It fits like a dream.",rose-petals-shop-226495-1585,2025-11-22,https://cdn.shopify.com/s/files/1/2264/9500/files/heart_pendant_closeup.jpg
Beckett Allen,5,The Alluring Beauty!,"The alluring beauty ribbon for my girlfriend arrived in under a week, wrapped like a high-end boutique. The 'beautiful girlfriend ...and the best part? Zero regrets on the upgrade.",rose-petals-shop-226495-1585,2025-11-22,https://cdn.shopify.com/s/files/1/2264/9500/files/chain_on_wrist.jpg
Sophia Clark,5,I Was Skeptical!,"I was skeptical about online jewelry, but this chain for my husband blew me away. The Cuban link is hefty yet comfortable, and pairing it with the 'amazing husband' card made our 10-year milestone unforgettable. No tarnish after weeks—ordering more for the family.",mom-birthday-necklace-forever-love-heart-pendant-with-message-card-white-gold-or-18k-gold-shop-226495-8074,2025-11-22,https://cdn.shopify.com/s/files/1/2264/9500/files/earrings_closeup_sparkle.jpg
Levi Thompson,5,I Was Skeptical!,"I was skeptical about online jewelry, but this chain for my husband blew me away. The Cuban link is hefty yet comfortable, and pairing it with the 'amazing husband' card made our 10-year milestone unforgettable. No tarnish after weeks—ordering more for the family.",husband-gift-cuban-link-chain-with-to-my-amazing-husband-message-card-stainless-steel-or-14k-gold-shop-226495-8496,2025-11-22,
Wyatt Parker,5,Stunning Piece—Arrived Fast!,Stunning piece—arrived fast and exceeded expectations.,cubic-zirconia-earrings-shop-226495-5746,2025-11-22,
Finn Green,5,"Fast Shipping, Great!","Fast shipping, great box. The cubic zirconia rivals real diamonds up close. My girlfriend wears them everywhere now.",rose-petals-shop-226495-1585,2025-11-22,https://cdn.shopify.com/s/files/1/2264/9500/files/anniversary_necklace_wear.jpg
